model,mae,r2
LinearRegression,2168.0071688327366,0.5187183976542524
RandomForest,1531.1401298229237,0.704084949883142
